{"RootPath":"C:\\A2 ESILV\\SEMESTRE2\\PB SCIENTIFIQUE\\PSI_Orane_DELAROCHE_-_Clement_DARMON_-_Thomas_DEGARDIN\\PSI_1","ProjectFileName":"PSI.csproj","Configuration":"Debug|AnyCPU","FrameworkPath":"","Sources":[{"SourceFile":"Graphe.cs"},{"SourceFile":"Lien.cs"},{"SourceFile":"Noeud.cs"},{"SourceFile":"Program.cs"},{"SourceFile":"Properties\\AssemblyInfo.cs"},{"SourceFile":"Visualisation.cs"},{"SourceFile":"Visualisation.Designer.cs"},{"SourceFile":"obj\\Debug\\.NETFramework,Version=v4.7.2.AssemblyAttributes.cs"}],"References":[{"Reference":"C:\\Program Files (x86)\\Reference Assemblies\\Microsoft\\Framework\\.NETFramework\\v4.7.2\\Microsoft.CSharp.dll","ResolvedFrom":"","OriginalItemSpec":"","Name":"","EmbedInteropTypes":false,"CopyLocal":false,"IsProjectReference":false,"ProjectPath":""},{"Reference":"C:\\A2 ESILV\\SEMESTRE2\\PB SCIENTIFIQUE\\PSI_Orane_DELAROCHE_-_Clement_DARMON_-_Thomas_DEGARDIN\\PSI_1\\packages\\Microsoft.Msagl.1.1.6\\lib\\netstandard2.0\\Microsoft.Msagl.dll","ResolvedFrom":"","OriginalItemSpec":"","Name":"","EmbedInteropTypes":false,"CopyLocal":false,"IsProjectReference":false,"ProjectPath":""},{"Reference":"C:\\Program Files (x86)\\Reference Assemblies\\Microsoft\\Framework\\.NETFramework\\v4.7.2\\mscorlib.dll","ResolvedFrom":"","OriginalItemSpec":"","Name":"","EmbedInteropTypes":false,"CopyLocal":false,"IsProjectReference":false,"ProjectPath":""},{"Reference":"C:\\A2 ESILV\\SEMESTRE2\\PB SCIENTIFIQUE\\PSI_Orane_DELAROCHE_-_Clement_DARMON_-_Thomas_DEGARDIN\\PSI_1\\packages\\System.Buffers.4.5.1\\lib\\net461\\System.Buffers.dll","ResolvedFrom":"","OriginalItemSpec":"","Name":"","EmbedInteropTypes":false,"CopyLocal":false,"IsProjectReference":false,"ProjectPath":""},{"Reference":"C:\\Program Files (x86)\\Reference Assemblies\\Microsoft\\Framework\\.NETFramework\\v4.7.2\\System.Core.dll","ResolvedFrom":"","OriginalItemSpec":"","Name":"","EmbedInteropTypes":false,"CopyLocal":false,"IsProjectReference":false,"ProjectPath":""},{"Reference":"C:\\Program Files (x86)\\Reference Assemblies\\Microsoft\\Framework\\.NETFramework\\v4.7.2\\System.Data.DataSetExtensions.dll","ResolvedFrom":"","OriginalItemSpec":"","Name":"","EmbedInteropTypes":false,"CopyLocal":false,"IsProjectReference":false,"ProjectPath":""},{"Reference":"C:\\Program Files (x86)\\Reference Assemblies\\Microsoft\\Framework\\.NETFramework\\v4.7.2\\System.Data.dll","ResolvedFrom":"","OriginalItemSpec":"","Name":"","EmbedInteropTypes":false,"CopyLocal":false,"IsProjectReference":false,"ProjectPath":""},{"Reference":"C:\\Program Files (x86)\\Reference Assemblies\\Microsoft\\Framework\\.NETFramework\\v4.7.2\\System.dll","ResolvedFrom":"","OriginalItemSpec":"","Name":"","EmbedInteropTypes":false,"CopyLocal":false,"IsProjectReference":false,"ProjectPath":""},{"Reference":"C:\\Program Files (x86)\\Reference Assemblies\\Microsoft\\Framework\\.NETFramework\\v4.7.2\\System.Drawing.dll","ResolvedFrom":"","OriginalItemSpec":"","Name":"","EmbedInteropTypes":false,"CopyLocal":false,"IsProjectReference":false,"ProjectPath":""},{"Reference":"C:\\A2 ESILV\\SEMESTRE2\\PB SCIENTIFIQUE\\PSI_Orane_DELAROCHE_-_Clement_DARMON_-_Thomas_DEGARDIN\\PSI_1\\packages\\System.Memory.4.5.4\\lib\\net461\\System.Memory.dll","ResolvedFrom":"","OriginalItemSpec":"","Name":"","EmbedInteropTypes":false,"CopyLocal":false,"IsProjectReference":false,"ProjectPath":""},{"Reference":"C:\\Program Files (x86)\\Reference Assemblies\\Microsoft\\Framework\\.NETFramework\\v4.7.2\\System.Net.Http.dll","ResolvedFrom":"","OriginalItemSpec":"","Name":"","EmbedInteropTypes":false,"CopyLocal":false,"IsProjectReference":false,"ProjectPath":""},{"Reference":"C:\\Program Files (x86)\\Reference Assemblies\\Microsoft\\Framework\\.NETFramework\\v4.7.2\\System.Numerics.dll","ResolvedFrom":"","OriginalItemSpec":"","Name":"","EmbedInteropTypes":false,"CopyLocal":false,"IsProjectReference":false,"ProjectPath":""},{"Reference":"C:\\A2 ESILV\\SEMESTRE2\\PB SCIENTIFIQUE\\PSI_Orane_DELAROCHE_-_Clement_DARMON_-_Thomas_DEGARDIN\\PSI_1\\packages\\System.Numerics.Vectors.4.5.0\\lib\\net46\\System.Numerics.Vectors.dll","ResolvedFrom":"","OriginalItemSpec":"","Name":"","EmbedInteropTypes":false,"CopyLocal":false,"IsProjectReference":false,"ProjectPath":""},{"Reference":"C:\\A2 ESILV\\SEMESTRE2\\PB SCIENTIFIQUE\\PSI_Orane_DELAROCHE_-_Clement_DARMON_-_Thomas_DEGARDIN\\PSI_1\\packages\\System.Resources.Extensions.4.7.1\\lib\\net461\\System.Resources.Extensions.dll","ResolvedFrom":"","OriginalItemSpec":"","Name":"","EmbedInteropTypes":false,"CopyLocal":false,"IsProjectReference":false,"ProjectPath":""},{"Reference":"C:\\A2 ESILV\\SEMESTRE2\\PB SCIENTIFIQUE\\PSI_Orane_DELAROCHE_-_Clement_DARMON_-_Thomas_DEGARDIN\\PSI_1\\packages\\System.Runtime.CompilerServices.Unsafe.4.5.3\\lib\\net461\\System.Runtime.CompilerServices.Unsafe.dll","ResolvedFrom":"","OriginalItemSpec":"","Name":"","EmbedInteropTypes":false,"CopyLocal":false,"IsProjectReference":false,"ProjectPath":""},{"Reference":"C:\\Program Files (x86)\\Reference Assemblies\\Microsoft\\Framework\\.NETFramework\\v4.7.2\\System.Windows.Forms.dll","ResolvedFrom":"","OriginalItemSpec":"","Name":"","EmbedInteropTypes":false,"CopyLocal":false,"IsProjectReference":false,"ProjectPath":""},{"Reference":"C:\\Program Files (x86)\\Reference Assemblies\\Microsoft\\Framework\\.NETFramework\\v4.7.2\\System.Xml.dll","ResolvedFrom":"","OriginalItemSpec":"","Name":"","EmbedInteropTypes":false,"CopyLocal":false,"IsProjectReference":false,"ProjectPath":""},{"Reference":"C:\\Program Files (x86)\\Reference Assemblies\\Microsoft\\Framework\\.NETFramework\\v4.7.2\\System.Xml.Linq.dll","ResolvedFrom":"","OriginalItemSpec":"","Name":"","EmbedInteropTypes":false,"CopyLocal":false,"IsProjectReference":false,"ProjectPath":""}],"Analyzers":[],"Outputs":[{"OutputItemFullPath":"C:\\A2 ESILV\\SEMESTRE2\\PB SCIENTIFIQUE\\PSI_Orane_DELAROCHE_-_Clement_DARMON_-_Thomas_DEGARDIN\\PSI_1\\bin\\Debug\\PSI.exe","OutputItemRelativePath":"PSI.exe"},{"OutputItemFullPath":"","OutputItemRelativePath":""}],"CopyToOutputEntries":[]}