{
  "Version": 1,
  "WorkspaceRootPath": "C:\\Users\\degar\\OneDrive\\Bureau\\Projet GitHub\\PSI\\PSI_Orane_DELAROCHE_-_Clement_DARMON_-_Thomas_DEGARDIN\\PSI_1\\",
  "Documents": [
    {
      "AbsoluteMoniker": "D:0:0:{573767B5-2F85-4885-B4E8-808884D49AB6}|PSI.csproj|c:\\users\\degar\\onedrive\\bureau\\projet github\\psi\\psi_orane_delaroche_-_clement_darmon_-_thomas_degardin\\psi_1\\graphe.cs||{A6C744A8-0E4A-4FC6-886A-064283054674}",
      "RelativeMoniker": "D:0:0:{573767B5-2F85-4885-B4E8-808884D49AB6}|PSI.csproj|solutionrelative:graphe.cs||{A6C744A8-0E4A-4FC6-886A-064283054674}"
    },
    {
      "AbsoluteMoniker": "D:0:0:{573767B5-2F85-4885-B4E8-808884D49AB6}|PSI.csproj|C:\\Users\\degar\\OneDrive\\Bureau\\Projet GitHub\\PSI\\PSI_Orane_DELAROCHE_-_Clement_DARMON_-_Thomas_DEGARDIN\\PSI_1\\visualisation.cs||{A6C744A8-0E4A-4FC6-886A-064283054674}|Form",
      "RelativeMoniker": "D:0:0:{573767B5-2F85-4885-B4E8-808884D49AB6}|PSI.csproj|solutionrelative:visualisation.cs||{A6C744A8-0E4A-4FC6-886A-064283054674}|Form"
    },
    {
      "AbsoluteMoniker": "D:0:0:{573767B5-2F85-4885-B4E8-808884D49AB6}|PSI.csproj|C:\\Users\\degar\\OneDrive\\Bureau\\Projet GitHub\\PSI\\PSI_Orane_DELAROCHE_-_Clement_DARMON_-_Thomas_DEGARDIN\\PSI_1\\visualisation.cs||{A6C744A8-0E4A-4FC6-886A-064283054674}",
      "RelativeMoniker": "D:0:0:{573767B5-2F85-4885-B4E8-808884D49AB6}|PSI.csproj|solutionrelative:visualisation.cs||{A6C744A8-0E4A-4FC6-886A-064283054674}"
    },
    {
      "AbsoluteMoniker": "D:0:0:{573767B5-2F85-4885-B4E8-808884D49AB6}|PSI.csproj|C:\\Users\\degar\\OneDrive\\Bureau\\Projet GitHub\\PSI\\PSI_Orane_DELAROCHE_-_Clement_DARMON_-_Thomas_DEGARDIN\\PSI_1\\visualisation.designer.cs||{A6C744A8-0E4A-4FC6-886A-064283054674}",
      "RelativeMoniker": "D:0:0:{573767B5-2F85-4885-B4E8-808884D49AB6}|PSI.csproj|solutionrelative:visualisation.designer.cs||{A6C744A8-0E4A-4FC6-886A-064283054674}"
    },
    {
      "AbsoluteMoniker": "D:0:0:{573767B5-2F85-4885-B4E8-808884D49AB6}|PSI.csproj|C:\\Users\\degar\\OneDrive\\Bureau\\Projet GitHub\\PSI\\PSI_Orane_DELAROCHE_-_Clement_DARMON_-_Thomas_DEGARDIN\\PSI_1\\program.cs||{A6C744A8-0E4A-4FC6-886A-064283054674}",
      "RelativeMoniker": "D:0:0:{573767B5-2F85-4885-B4E8-808884D49AB6}|PSI.csproj|solutionrelative:program.cs||{A6C744A8-0E4A-4FC6-886A-064283054674}"
    },
    {
      "AbsoluteMoniker": "D:0:0:{573767B5-2F85-4885-B4E8-808884D49AB6}|PSI.csproj|C:\\Users\\degar\\OneDrive\\Bureau\\Projet GitHub\\PSI\\PSI_Orane_DELAROCHE_-_Clement_DARMON_-_Thomas_DEGARDIN\\PSI_1\\noeud.cs||{A6C744A8-0E4A-4FC6-886A-064283054674}",
      "RelativeMoniker": "D:0:0:{573767B5-2F85-4885-B4E8-808884D49AB6}|PSI.csproj|solutionrelative:noeud.cs||{A6C744A8-0E4A-4FC6-886A-064283054674}"
    },
    {
      "AbsoluteMoniker": "D:0:0:{573767B5-2F85-4885-B4E8-808884D49AB6}|PSI.csproj|C:\\Users\\degar\\OneDrive\\Bureau\\Projet GitHub\\PSI\\PSI_Orane_DELAROCHE_-_Clement_DARMON_-_Thomas_DEGARDIN\\PSI_1\\lien.cs||{A6C744A8-0E4A-4FC6-886A-064283054674}",
      "RelativeMoniker": "D:0:0:{573767B5-2F85-4885-B4E8-808884D49AB6}|PSI.csproj|solutionrelative:lien.cs||{A6C744A8-0E4A-4FC6-886A-064283054674}"
    }
  ],
  "DocumentGroupContainers": [
    {
      "Orientation": 0,
      "VerticalTabListWidth": 256,
      "DocumentGroups": [
        {
          "DockedWidth": 200,
          "SelectedChildIndex": 4,
          "Children": [
            {
              "$type": "Bookmark",
              "Name": "ST:128:0:{116d2292-e37d-41cd-a077-ebacac4c8cc4}"
            },
            {
              "$type": "Document",
              "DocumentIndex": 3,
              "Title": "Visualisation.Designer.cs",
              "DocumentMoniker": "C:\\Users\\degar\\OneDrive\\Bureau\\Projet GitHub\\PSI\\PSI_Orane_DELAROCHE_-_Clement_DARMON_-_Thomas_DEGARDIN\\PSI_1\\Visualisation.Designer.cs",
              "RelativeDocumentMoniker": "Visualisation.Designer.cs",
              "ToolTip": "C:\\Users\\degar\\OneDrive\\Bureau\\Projet GitHub\\PSI\\PSI_Orane_DELAROCHE_-_Clement_DARMON_-_Thomas_DEGARDIN\\PSI_1\\Visualisation.Designer.cs",
              "RelativeToolTip": "Visualisation.Designer.cs",
              "ViewState": "AgIAAAAAAAAAAAAAAAAAAB8AAAAOAAAAAAAAAA==",
              "Icon": "ae27a6b0-e345-4288-96df-5eaf394ee369.000738|",
              "WhenOpened": "2025-02-28T20:04:36.006Z",
              "EditorCaption": ""
            },
            {
              "$type": "Document",
              "DocumentIndex": 2,
              "Title": "Visualisation.cs",
              "DocumentMoniker": "C:\\Users\\degar\\OneDrive\\Bureau\\Projet GitHub\\PSI\\PSI_Orane_DELAROCHE_-_Clement_DARMON_-_Thomas_DEGARDIN\\PSI_1\\Visualisation.cs",
              "RelativeDocumentMoniker": "Visualisation.cs",
              "ToolTip": "C:\\Users\\degar\\OneDrive\\Bureau\\Projet GitHub\\PSI\\PSI_Orane_DELAROCHE_-_Clement_DARMON_-_Thomas_DEGARDIN\\PSI_1\\Visualisation.cs",
              "RelativeToolTip": "Visualisation.cs",
              "ViewState": "AgIAACkAAAAAAAAAAAAAwCoAAAAIAAAAAAAAAA==",
              "Icon": "ae27a6b0-e345-4288-96df-5eaf394ee369.000738|",
              "WhenOpened": "2025-02-28T19:54:00.803Z",
              "EditorCaption": ""
            },
            {
              "$type": "Document",
              "DocumentIndex": 1,
              "Title": "Visualisation.cs [Design]",
              "DocumentMoniker": "C:\\Users\\degar\\OneDrive\\Bureau\\Projet GitHub\\PSI\\PSI_Orane_DELAROCHE_-_Clement_DARMON_-_Thomas_DEGARDIN\\PSI_1\\Visualisation.cs",
              "RelativeDocumentMoniker": "Visualisation.cs",
              "ToolTip": "C:\\Users\\degar\\OneDrive\\Bureau\\Projet GitHub\\PSI\\PSI_Orane_DELAROCHE_-_Clement_DARMON_-_Thomas_DEGARDIN\\PSI_1\\Visualisation.cs [Design]",
              "RelativeToolTip": "Visualisation.cs [Design]",
              "Icon": "ae27a6b0-e345-4288-96df-5eaf394ee369.000738|",
              "WhenOpened": "2025-02-28T19:53:49.743Z",
              "EditorCaption": " [Design]"
            },
            {
              "$type": "Document",
              "DocumentIndex": 0,
              "Title": "Graphe.cs",
              "DocumentMoniker": "C:\\Users\\degar\\OneDrive\\Bureau\\Projet GitHub\\PSI\\PSI_Orane_DELAROCHE_-_Clement_DARMON_-_Thomas_DEGARDIN\\PSI_1\\Graphe.cs",
              "RelativeDocumentMoniker": "Graphe.cs",
              "ToolTip": "C:\\Users\\degar\\OneDrive\\Bureau\\Projet GitHub\\PSI\\PSI_Orane_DELAROCHE_-_Clement_DARMON_-_Thomas_DEGARDIN\\PSI_1\\Graphe.cs",
              "RelativeToolTip": "Graphe.cs",
              "ViewState": "AgIAAAAAAAAAAAAAAAAAAEEAAAA1AAAAAAAAAA==",
              "Icon": "ae27a6b0-e345-4288-96df-5eaf394ee369.000738|",
              "WhenOpened": "2025-02-26T16:43:16.422Z",
              "EditorCaption": ""
            },
            {
              "$type": "Document",
              "DocumentIndex": 5,
              "Title": "Noeud.cs",
              "DocumentMoniker": "C:\\Users\\degar\\OneDrive\\Bureau\\Projet GitHub\\PSI\\PSI_Orane_DELAROCHE_-_Clement_DARMON_-_Thomas_DEGARDIN\\PSI_1\\Noeud.cs",
              "RelativeDocumentMoniker": "Noeud.cs",
              "ToolTip": "C:\\Users\\degar\\OneDrive\\Bureau\\Projet GitHub\\PSI\\PSI_Orane_DELAROCHE_-_Clement_DARMON_-_Thomas_DEGARDIN\\PSI_1\\Noeud.cs",
              "RelativeToolTip": "Noeud.cs",
              "ViewState": "AgIAAAAAAAAAAAAAAAAAAC4AAAAAAAAAAAAAAA==",
              "Icon": "ae27a6b0-e345-4288-96df-5eaf394ee369.000738|",
              "WhenOpened": "2025-02-26T16:43:04.729Z",
              "EditorCaption": ""
            },
            {
              "$type": "Document",
              "DocumentIndex": 6,
              "Title": "Lien.cs",
              "DocumentMoniker": "C:\\Users\\degar\\OneDrive\\Bureau\\Projet GitHub\\PSI\\PSI_Orane_DELAROCHE_-_Clement_DARMON_-_Thomas_DEGARDIN\\PSI_1\\Lien.cs",
              "RelativeDocumentMoniker": "Lien.cs",
              "ToolTip": "C:\\Users\\degar\\OneDrive\\Bureau\\Projet GitHub\\PSI\\PSI_Orane_DELAROCHE_-_Clement_DARMON_-_Thomas_DEGARDIN\\PSI_1\\Lien.cs",
              "RelativeToolTip": "Lien.cs",
              "ViewState": "AgIAABEAAAAAAAAAAAAAAC0AAAABAAAAAAAAAA==",
              "Icon": "ae27a6b0-e345-4288-96df-5eaf394ee369.000738|",
              "WhenOpened": "2025-02-26T16:42:54.756Z",
              "EditorCaption": ""
            },
            {
              "$type": "Document",
              "DocumentIndex": 4,
              "Title": "Program.cs",
              "DocumentMoniker": "C:\\Users\\degar\\OneDrive\\Bureau\\Projet GitHub\\PSI\\PSI_Orane_DELAROCHE_-_Clement_DARMON_-_Thomas_DEGARDIN\\PSI_1\\Program.cs",
              "RelativeDocumentMoniker": "Program.cs",
              "ToolTip": "C:\\Users\\degar\\OneDrive\\Bureau\\Projet GitHub\\PSI\\PSI_Orane_DELAROCHE_-_Clement_DARMON_-_Thomas_DEGARDIN\\PSI_1\\Program.cs",
              "RelativeToolTip": "Program.cs",
              "ViewState": "AgIAAAAAAAAAAAAAAAAAACEAAAAAAAAAAAAAAA==",
              "Icon": "ae27a6b0-e345-4288-96df-5eaf394ee369.000738|",
              "WhenOpened": "2025-02-26T16:40:00.566Z",
              "EditorCaption": ""
            }
          ]
        }
      ]
    }
  ]
}